Date,download
2009-08-26,0.5
2009-08-30,1.196
2009-08-31,4.26
2009-09-05,1.5130000000000001
2009-09-06,10.495999999999999
2009-09-07,1.304
2009-09-08,1.567
2009-09-10,10.158999999999999
2009-09-11,2.577
2009-09-12,1.788
2009-09-13,2.2319999999999998
2009-09-14,0.5379999999999999
2009-09-15,0.375
2009-09-16,0.953
2009-09-19,0.331
2009-09-21,14.437999999999999
2009-09-22,1.128
2009-09-25,5.867999999999999
2009-09-26,0.98
2009-09-28,2.22
2009-09-29,0.546
2009-10-01,3.5660000000000003
2009-10-03,15.61
2009-10-07,0.391
2009-10-08,1.157
2009-10-28,1.053
2009-10-29,8.931000000000001
2009-10-31,7.899
2009-11-07,2.069
2009-11-09,16.616
2009-11-13,9.351
2009-11-14,3.4819999999999998
2009-11-15,9.183
2009-11-16,9.185
2009-11-22,8.729
2009-11-23,8.769
2009-11-24,15.825999999999999
2009-11-25,6.254
2009-11-26,3.522
2009-11-28,7.316
2009-11-29,8.83
2009-12-01,2.8710000000000004
2009-12-03,0.688
2009-12-07,1.605
2009-12-10,0.267
2009-12-12,0.721
2009-12-14,0.996
2009-12-18,1.425
2009-12-22,4.757
2009-12-23,2.76
2009-12-26,7.473
2009-12-27,3.755
2009-12-28,0.354
2009-12-29,8.377
2009-12-30,1.75
2009-12-31,13.579
2010-01-02,3.782
2010-01-03,1.506
2010-01-04,1.432
2010-01-05,1.04
2010-01-06,9.173
2010-01-07,0.5720000000000001
2010-01-08,4.948
2010-01-09,30.664
2010-01-10,1.5519999999999998
2010-01-11,8.131
2010-01-12,1.465
2010-01-13,0.868
2010-01-15,1.2670000000000001
2010-01-17,1.089
2010-01-18,20.531
2010-01-19,0.591
2010-01-20,0.9179999999999999
2010-01-21,10.442
2010-01-22,9.5
2010-01-23,1.018
2010-01-24,0.17300000000000001
2010-01-25,0.413
2010-01-26,7.312
2010-01-27,0.36
2010-01-28,1.232
2010-01-29,0.38
2010-01-30,0.28
2010-01-31,3.065
2010-02-02,0.8370000000000001
2010-02-03,1.285
2010-02-04,1.33
2010-02-05,1.0090000000000001
2010-02-06,2.219
2010-02-07,0.8859999999999999
2010-02-08,2.388
2010-02-09,1.916
2010-02-10,1.349
2010-02-11,2.546
2010-02-12,0.6629999999999999
2010-02-13,0.93
2010-02-14,1.018
2010-02-15,5.455
2010-02-16,0.14300000000000002
2010-02-17,2.2
2010-02-18,0.563
2010-02-19,1.663
2010-02-20,1.959
2010-02-21,2.6430000000000002
2010-02-22,1.1440000000000001
2010-02-23,2.073
2010-02-24,1.423
2010-02-25,2.4330000000000003
2010-02-26,2.292
2010-02-27,1.401
2010-02-28,1.082
2010-03-01,1.6469999999999998
2010-03-02,0.9259999999999999
2010-03-03,0.7390000000000001
2010-03-04,1.07
2010-03-05,1.409
2010-03-06,0.6409999999999999
2010-03-07,0.569
2010-03-08,2.122
2010-03-09,0.767
2010-03-10,0.637
2010-03-11,1.196
2010-03-12,1.709
2010-03-13,0.726
2010-03-14,0.662
2010-03-15,0.6579999999999999
2010-03-16,1.9680000000000002
2010-03-17,3.068
2010-03-18,2.049
2010-03-19,1.183
2010-03-20,1.276
2010-03-21,0.6759999999999999
2010-03-22,0.809
2010-03-23,2.16
2010-03-24,0.6940000000000001
2010-03-25,1.3130000000000002
2010-03-26,1.3940000000000001
2010-03-27,0.841
2010-03-28,0.88
2010-03-29,2.0780000000000003
2010-03-30,1.296
2010-03-31,1.034
2010-04-01,1.528
2010-04-02,1.483
2010-04-03,0.568
2010-04-04,0.569
2010-04-05,2.485
2010-04-06,1.061
2010-04-07,1.5719999999999998
2010-04-08,1.0
2010-04-09,0.938
2010-04-10,0.657
2010-04-11,0.545
2010-04-12,0.892
2010-04-13,0.747
2010-04-14,2.9360000000000004
2010-04-15,0.613
2010-04-16,0.882
2010-04-17,0.6829999999999999
2010-04-18,0.579
2010-04-19,1.2930000000000001
2010-04-20,0.6779999999999999
2010-04-21,1.239
2010-04-22,1.3230000000000002
2010-04-23,0.527
2010-04-24,0.62
2010-04-25,0.45
2010-04-26,0.701
2010-04-27,1.003
2010-04-28,0.51
2010-04-29,0.341
2010-04-30,0.8640000000000001
2010-05-01,0.529
2010-05-02,0.644
2010-05-03,0.44299999999999995
2010-05-04,0.414
2010-05-05,0.534
2010-05-06,1.3519999999999999
2010-05-07,1.402
2010-05-08,0.735
2010-05-09,0.591
2010-05-10,1.652
2010-05-11,0.8
2010-05-12,2.907
2010-05-13,0.7040000000000001
2010-05-14,2.02
2010-05-15,0.608
2010-05-16,0.623
2010-05-17,1.261
2010-05-18,0.934
2010-05-19,0.679
2010-05-20,2.552
2010-05-21,1.9040000000000001
2010-05-22,0.58
2010-05-23,0.386
2010-05-24,0.721
2010-05-25,2.089
2010-05-26,0.9159999999999999
2010-05-27,0.883
2010-05-28,1.99
2010-05-29,0.613
2010-05-30,0.586
2010-05-31,1.11
2010-06-01,2.056
2010-06-02,0.997
2010-06-03,1.646
2010-06-04,1.756
2010-06-05,0.7240000000000001
2010-06-06,0.9179999999999999
2010-06-07,0.8909999999999999
2010-06-08,0.7240000000000001
2010-06-09,1.079
2010-06-10,0.39899999999999997
2010-06-11,2.178
2010-06-12,0.7929999999999999
2010-06-13,0.589
2010-06-14,1.9380000000000002
2010-06-15,0.65
2010-06-16,0.8270000000000001
2010-06-17,1.449
2010-06-18,0.703
2010-06-19,0.687
2010-06-20,0.5529999999999999
2010-06-21,1.371
2010-06-22,0.815
2010-06-23,2.073
2010-06-24,0.655
2010-06-25,1.891
2010-06-26,0.8
2010-06-27,0.845
2010-06-28,1.1440000000000001
2010-06-29,1.2570000000000001
2010-06-30,1.626
2010-07-01,3.429
2010-07-02,1.945
2010-07-03,0.7759999999999999
2010-07-04,0.65
2010-07-05,0.9640000000000001
2010-07-06,0.8220000000000001
2010-07-07,0.741
2010-07-08,0.586
2010-07-09,1.459
2010-07-10,0.6859999999999999
2010-07-11,0.65
2010-07-12,0.794
2010-07-13,0.617
2010-07-14,2.613
2010-07-15,0.62
2010-07-16,0.9229999999999999
2010-07-17,0.5660000000000001
2010-07-18,0.9670000000000001
2010-07-19,0.581
2010-07-20,0.855
2010-07-21,0.9279999999999999
2010-07-22,1.138
2010-07-23,1.72
2010-07-24,0.8170000000000001
2010-07-25,0.462
2010-07-26,1.5630000000000002
2010-07-27,0.87
2010-07-28,0.677
2010-07-29,0.992
2010-07-30,0.9490000000000001
2010-07-31,0.73
2010-08-01,0.637
2010-08-02,1.411
2010-08-03,2.0540000000000003
2010-08-04,1.7180000000000002
2010-08-05,1.595
2010-08-06,1.499
2010-08-07,0.6759999999999999
2010-08-08,0.83
2010-08-09,0.6559999999999999
2010-08-10,1.776
2010-08-11,1.4909999999999999
2010-08-12,0.8740000000000001
2010-08-13,0.7
2010-08-14,1.315
2010-08-15,0.87
2010-08-16,0.986
2010-08-17,1.838
2010-08-18,0.8390000000000001
2010-08-19,1.847
2010-08-20,0.971
2010-08-21,0.988
2010-08-22,1.505
2010-08-23,1.1159999999999999
2010-08-24,1.825
2010-08-25,1.368
2010-08-26,1.893
2010-08-27,1.179
2010-08-28,0.605
2010-08-29,0.85
2010-08-30,1.946
2010-08-31,1.232
2010-09-01,0.63
2010-09-02,0.74
2010-09-03,1.516
2010-09-04,0.953
2010-09-05,0.67
2010-09-06,0.73
2010-09-07,1.514
2010-09-08,0.862
2010-09-09,2.399
2010-09-10,2.137
2010-09-11,0.79
2010-09-12,0.473
2010-09-13,1.396
2010-09-14,3.3739999999999997
2010-09-15,0.996
2010-09-16,0.7909999999999999
2010-09-17,1.411
2010-09-18,1.129
2010-09-19,0.9359999999999999
2010-09-20,0.675
2010-09-21,1.754
2010-09-22,0.857
2010-09-23,0.258
2010-09-24,1.147
2010-09-25,1.453
2010-09-26,0.8320000000000001
2010-09-27,1.3719999999999999
2010-09-28,2.81
2010-09-29,3.404
2010-09-30,2.332
2010-10-01,0.7040000000000001
2010-10-02,1.548
2010-10-03,0.529
2010-10-04,4.738
2010-10-05,2.206
2010-10-06,1.795
2010-10-07,0.963
2010-10-08,1.382
2010-10-09,1.5119999999999998
2010-10-10,0.871
2010-10-11,2.855
2010-10-12,1.057
2010-10-13,1.818
2010-10-14,2.59
2010-10-15,1.672
2010-10-16,0.5579999999999999
2010-10-17,0.69
2010-10-18,3.022
2010-10-19,2.146
2010-10-20,0.6609999999999999
2010-10-21,2.125
2010-10-22,2.807
2010-10-23,0.616
2010-10-24,0.899
2010-10-25,1.926
2010-10-26,0.77
2010-10-27,1.073
2010-10-28,2.148
2010-10-29,0.7879999999999999
2010-10-30,0.9940000000000001
2010-10-31,0.813
2010-11-01,2.269
2010-11-02,2.47
2010-11-03,1.6769999999999998
2010-11-04,1.072
2010-11-05,0.6940000000000001
2010-11-06,1.693
2010-11-07,1.187
2010-11-08,2.7039999999999997
2010-11-09,1.063
2010-11-10,1.382
2010-11-11,1.841
2010-11-12,2.217
2010-11-13,1.4969999999999999
2010-11-14,0.516
2010-11-15,0.293
2010-11-16,3.489
2010-11-17,2.535
2010-11-18,1.732
2010-11-19,0.978
2010-11-20,0.83
2010-11-21,3.082
2010-11-22,1.13
2010-11-23,0.8540000000000001
2010-11-24,1.6580000000000001
2010-11-25,0.83
2010-11-26,1.71
2010-11-27,0.52
2010-11-28,1.79
2010-11-29,2.2030000000000003
2010-11-30,3.897
2010-12-01,3.747
2010-12-02,2.594
2010-12-03,2.252
2010-12-04,3.0869999999999997
2010-12-05,1.475
2010-12-06,3.1860000000000004
2010-12-07,3.2430000000000003
2010-12-08,1.544
2010-12-09,1.4869999999999999
2010-12-10,1.453
2010-12-11,1.11
2010-12-12,1.911
2010-12-13,0.946
2010-12-14,1.2409999999999999
2010-12-15,2.42
2010-12-16,2.011
2010-12-17,2.073
2010-12-18,2.244
2010-12-19,1.511
2010-12-20,2.727
2010-12-21,1.5430000000000001
2010-12-22,1.536
2010-12-23,1.286
2010-12-24,1.986
2010-12-25,1.133
2010-12-26,1.396
2010-12-27,1.1059999999999999
2010-12-28,2.0709999999999997
2010-12-29,2.7039999999999997
2010-12-30,0.816
2010-12-31,0.602
2011-01-01,2.141
2011-01-02,0.593
2011-01-03,0.544
2011-01-04,1.767
2011-01-05,1.5530000000000002
2011-01-06,0.27899999999999997
2011-01-07,1.6019999999999999
2011-01-08,1.367
2011-01-09,1.959
2011-01-10,2.476
2011-01-11,1.199
2011-01-12,7.85
2011-01-13,1.023
2011-01-14,1.614
2011-01-15,1.8359999999999999
2011-01-16,0.564
2011-01-17,0.88
2011-01-18,3.947
2011-01-19,1.127
2011-01-20,0.838
2011-01-21,1.168
2011-01-22,1.4580000000000002
2011-01-23,0.45399999999999996
2011-01-24,0.46299999999999997
2011-01-25,1.5490000000000002
2011-01-26,4.167
2011-01-27,1.206
2011-01-28,1.2919999999999998
2011-01-29,1.196
2011-01-30,0.9590000000000001
2011-01-31,3.194
2011-02-01,2.329
2011-02-02,2.8489999999999998
2011-02-03,4.099
2011-02-04,8.219
2011-02-05,1.8259999999999998
2011-02-06,1.655
2011-02-07,3.51
2011-02-08,6.196000000000001
2011-02-09,1.504
2011-02-10,1.4240000000000002
2011-02-11,1.992
2011-02-12,1.137
2011-02-13,2.6519999999999997
2011-02-14,2.9360000000000004
2011-02-15,2.4019999999999997
2011-02-16,1.224
2011-02-17,2.269
2011-02-18,2.519
2011-02-19,1.056
2011-02-20,2.207
2011-02-21,3.3489999999999998
2011-02-22,2.024
2011-02-23,1.3119999999999998
2011-02-24,1.671
2011-02-25,2.7039999999999997
2011-02-26,3.305
2011-02-27,2.3930000000000002
2011-02-28,6.579
2011-03-01,3.094
2011-03-02,1.5019999999999998
2011-03-03,0.899
2011-03-04,2.7439999999999998
2011-03-05,1.8840000000000001
2011-03-06,1.798
2011-03-07,4.187
2011-03-08,2.154
2011-03-09,1.545
2011-03-10,1.2590000000000001
2011-03-11,5.37
2011-03-12,0.777
2011-03-13,1.5830000000000002
2011-03-14,3.045
2011-03-15,2.766
2011-03-16,1.9140000000000001
2011-03-17,3.773
2011-03-18,5.31
2011-03-19,5.409
2011-03-20,2.343
2011-03-21,1.564
2011-03-22,2.94
2011-03-23,1.091
2011-03-24,1.185
2011-03-25,3.65
2011-03-26,0.785
2011-03-27,2.3930000000000002
2011-03-28,2.31
2011-03-29,0.823
2011-03-30,2.4090000000000003
2011-03-31,3.71
2011-04-01,1.4980000000000002
2011-04-02,1.8330000000000002
2011-04-03,1.325
2011-04-04,2.583
2011-04-05,2.05
2011-04-06,1.173
2011-04-07,4.654
2011-04-08,1.6230000000000002
2011-04-09,3.074
2011-04-10,1.045
2011-04-11,0.7040000000000001
2011-04-12,7.529
2011-04-13,2.758
2011-04-14,0.292
2011-04-15,4.188
2011-04-16,3.005
2011-04-17,4.781000000000001
2011-04-18,2.853
2011-04-19,2.145
2011-04-20,2.69
2011-04-21,0.519
2011-04-22,0.838
2011-04-23,1.3980000000000001
2011-04-24,1.3869999999999998
2011-04-25,3.986
2011-04-26,1.113
2011-04-27,1.8769999999999998
2011-04-28,2.06
2011-04-29,1.486
2011-04-30,6.1770000000000005
2011-05-01,2.903
2011-05-02,1.005
2011-05-03,2.577
2011-05-04,1.79
2011-05-05,1.699
2011-05-06,2.813
2011-05-07,2.051
2011-05-08,2.463
2011-05-09,0.43700000000000006
2011-05-10,1.64
2011-05-11,3.491
2011-05-12,1.6130000000000002
2011-05-13,3.168
2011-05-14,0.828
2011-05-15,1.619
2011-05-16,0.8809999999999999
2011-05-17,1.774
2011-05-18,2.5789999999999997
2011-05-19,2.076
2011-05-20,4.796
2011-05-21,2.081
2011-05-22,2.296
2011-05-23,1.598
2011-05-24,2.499
2011-05-25,2.083
2011-05-26,0.76
2011-05-27,1.1840000000000002
2011-05-28,2.383
2011-05-29,2.498
2011-05-30,0.9640000000000001
2011-05-31,2.81
2011-06-01,2.408
2011-06-02,1.8030000000000002
2011-06-03,1.307
2011-06-04,4.837
2011-06-05,1.705
2011-06-06,3.699
2011-06-07,3.635
2011-06-08,2.074
2011-06-09,2.062
2011-06-10,1.382
2011-06-11,2.991
2011-06-12,3.4960000000000004
2011-06-13,1.766
2011-06-14,2.401
2011-06-15,3.1510000000000002
2011-06-16,1.204
2011-06-17,0.62
2011-06-18,0.486
2011-06-19,0.629
2011-06-20,1.072
2011-06-21,0.78
2011-06-22,0.8370000000000001
2011-06-23,1.859
2011-06-24,1.577
2011-06-25,1.335
2011-06-26,1.795
2011-06-27,0.785
2011-06-28,1.834
2011-06-29,1.5959999999999999
2011-06-30,0.662
2011-07-01,1.71
2011-07-02,1.565
2011-07-03,1.443
2011-07-04,2.812
2011-07-05,1.344
2011-07-06,2.858
2011-07-07,1.6680000000000001
2011-07-08,3.0639999999999996
2011-07-09,2.459
2011-07-10,2.562
2011-07-11,2.659
2011-07-12,1.895
2011-07-13,0.445
2011-07-14,1.5619999999999998
2011-07-15,2.0069999999999997
2011-07-16,2.0380000000000003
2011-07-17,1.235
2011-07-18,1.986
2011-07-19,0.858
2011-07-20,2.166
2011-07-21,2.113
2011-07-22,1.212
2011-07-23,2.548
2011-07-24,3.3569999999999998
2011-07-25,2.233
2011-07-26,1.104
2011-07-27,2.271
2011-07-28,0.815
2011-07-29,0.995
2011-07-30,2.761
2011-07-31,1.883
2011-08-01,5.343999999999999
2011-08-02,3.013
2011-08-03,1.421
2011-08-04,1.676
2011-08-05,2.95
2011-08-06,2.634
2011-08-07,2.1630000000000003
2011-08-08,1.618
2011-08-09,0.828
2011-08-10,0.175
2011-08-11,1.725
2011-08-12,0.977
2011-08-13,1.726
2011-08-14,3.1689999999999996
2011-08-15,2.6180000000000003
2011-08-16,2.117
2011-08-17,2.61
2011-08-18,1.733
2011-08-19,0.624
2011-08-20,1.8219999999999998
2011-08-21,1.3619999999999999
2011-08-22,2.019
2011-08-23,7.375
2011-08-24,3.5780000000000003
2011-08-25,1.361
2011-08-26,2.952
2011-08-27,2.21
2011-08-28,4.155
2011-08-29,4.835
2011-08-30,1.053
2011-08-31,2.281
2011-09-01,3.81
2011-09-02,0.773
2011-09-03,2.674
2011-09-04,2.516
2011-09-05,2.1590000000000003
2011-09-06,1.3
2011-09-07,2.8689999999999998
2011-09-08,1.699
2011-09-09,4.922
2011-09-10,3.8739999999999997
2011-09-11,1.733
2011-09-12,1.9169999999999998
2011-09-13,0.569
2011-09-14,0.878
2011-09-15,0.6509999999999999
2011-09-16,1.119
2011-09-17,1.074
2011-09-18,3.259
2011-09-19,2.0580000000000003
2011-09-20,1.6540000000000001
2011-09-21,1.465
2011-09-22,2.2880000000000003
2011-09-23,1.864
2011-09-24,1.943
2011-09-25,2.7560000000000002
2011-09-26,1.901
2011-09-27,2.62
2011-09-28,2.188
2011-09-29,2.7289999999999996
2011-09-30,1.281
2011-10-01,1.969
2011-10-02,2.565
2011-10-03,3.092
2011-10-04,3.07
2011-10-05,0.39299999999999996
2011-10-06,7.582000000000001
2011-10-07,3.957
2011-10-08,2.522
2011-10-09,2.457
2011-10-10,4.378
2011-10-11,3.574
2011-10-12,2.6039999999999996
2011-10-13,4.732
2011-10-14,2.522
2011-10-15,2.386
2011-10-16,2.885
2011-10-17,1.4
2011-10-18,3.1319999999999997
2011-10-19,2.043
2011-10-20,2.282
2011-10-21,2.16
2011-10-22,2.543
2011-10-23,3.2760000000000002
2011-10-24,2.068
2011-10-25,2.609
2011-10-26,4.587
2011-10-27,2.95
2011-10-28,2.892
2011-10-29,2.002
2011-10-30,2.897
2011-10-31,2.6919999999999997
2011-11-01,2.535
2011-11-02,3.095
2011-11-03,3.6830000000000003
2011-11-04,1.449
2011-11-05,4.522
2011-11-06,3.0660000000000003
2011-11-07,4.293
2011-11-08,2.6210000000000004
2011-11-09,2.991
2011-11-10,2.56
2011-11-11,5.075
2011-11-12,2.004
2011-11-13,3.214
2011-11-14,6.472
2011-11-15,2.11
2011-11-16,3.818
2011-11-17,4.2410000000000005
2011-11-18,2.697
2011-11-19,3.37
2011-11-20,2.795
2011-11-21,3.5839999999999996
2011-11-22,1.673
2011-11-23,1.232
2011-11-24,3.326
2011-11-25,3.763
2011-11-26,1.9040000000000001
2011-11-27,1.742
2011-11-28,1.841
2011-11-29,2.9189999999999996
2011-11-30,3.667
2011-12-01,4.978
2011-12-02,4.533
2011-12-03,2.171
2011-12-04,1.814
2011-12-05,5.422000000000001
2011-12-06,3.595
2011-12-07,6.212999999999999
2011-12-08,3.7060000000000004
2011-12-09,3.719
2011-12-10,3.139
2011-12-11,4.984
2011-12-12,6.046
2011-12-13,3.615
2011-12-14,2.176
2011-12-15,3.029
2011-12-16,4.477
2011-12-17,4.199
2011-12-18,3.37
2011-12-19,6.063
2011-12-20,4.757
2011-12-21,2.7910000000000004
2011-12-22,5.6739999999999995
2011-12-23,2.9930000000000003
2011-12-24,4.583
2011-12-25,3.11
2011-12-26,1.7890000000000001
2011-12-27,4.218999999999999
2011-12-28,3.495
2011-12-29,2.555
2011-12-30,4.935
2011-12-31,3.6
2012-01-01,2.1519999999999997
2012-01-02,2.577
2012-01-03,2.7489999999999997
2012-01-04,3.801
2012-01-05,1.885
2012-01-06,4.367
2012-01-07,1.202
2012-01-08,4.33
2012-01-09,4.7139999999999995
2012-01-10,2.93
2012-01-11,0.9590000000000001
2012-01-12,7.584
2012-01-13,2.805
2012-01-14,5.0760000000000005
2012-01-15,1.635
2012-01-16,1.609
2012-01-17,2.633
2012-01-18,1.351
2012-01-19,2.513
2012-01-20,4.761
2012-01-21,3.3289999999999997
2012-01-22,2.316
2012-01-23,3.93
2012-01-24,6.122999999999999
2012-01-25,6.341
2012-01-26,5.985
2012-01-27,5.492999999999999
2012-01-28,3.717
2012-01-29,3.065
2012-01-30,2.707
2012-01-31,6.147
2012-02-01,3.147
2012-02-02,9.201
2012-02-03,4.058
2012-02-04,3.1460000000000004
2012-02-05,3.9739999999999998
2012-02-06,2.29
2012-02-07,5.012
2012-02-08,4.442
2012-02-09,3.2880000000000003
2012-02-10,3.305
2012-02-11,3.641
2012-02-12,3.156
2012-02-13,3.1239999999999997
2012-02-14,2.573
2012-02-15,4.529
2012-02-16,2.491
2012-02-17,4.1
2012-02-18,4.319
2012-02-19,3.208
2012-02-20,3.159
2012-02-21,3.877
2012-02-22,2.039
2012-02-23,4.577
2012-02-24,3.202
2012-02-25,3.4160000000000004
2012-02-26,2.9610000000000003
2012-02-27,2.847
2012-02-28,1.341
2012-02-29,3.7489999999999997
2012-03-01,5.335
2012-03-02,4.655
2012-03-03,3.319
2012-03-04,3.114
2012-03-05,3.702
2012-03-06,4.516
2012-03-07,4.46
2012-03-08,3.3
2012-03-09,4.011
2012-03-10,4.695
2012-03-11,2.306
2012-03-12,2.937
2012-03-13,3.392
2012-03-14,1.6740000000000002
2012-03-15,3.512
2012-03-16,2.6069999999999998
2012-03-17,1.983
2012-03-18,4.376
2012-03-19,4.635
2012-03-20,3.512
2012-03-21,2.634
2012-03-22,3.2119999999999997
2012-03-23,1.949
2012-03-24,4.294
2012-03-25,2.076
2012-03-26,2.8339999999999996
2012-03-27,1.93
2012-03-28,2.13
2012-03-29,4.531000000000001
2012-03-30,3.487
2012-03-31,2.0909999999999997
2012-04-01,3.181
2012-04-02,3.636
2012-04-03,5.271
2012-04-04,2.685
2012-04-05,3.1439999999999997
2012-04-06,4.303
2012-04-07,4.452
2012-04-08,3.22
2012-04-09,3.385
2012-04-10,4.107
2012-04-11,2.225
2012-04-12,4.708
2012-04-13,3.111
2012-04-14,3.766
2012-04-15,4.203
2012-04-16,3.0639999999999996
2012-04-17,3.516
2012-04-18,1.979
2012-04-19,9.156
2012-04-20,4.6080000000000005
2012-04-21,3.1689999999999996
2012-04-22,5.291
2012-04-23,2.7310000000000003
2012-04-24,5.111000000000001
2012-04-25,6.1979999999999995
2012-04-26,4.827
2012-04-27,8.349
2012-04-28,5.585
2012-04-29,4.079
2012-04-30,2.8739999999999997
2012-05-01,9.221
2012-05-02,4.28
2012-05-03,4.077
2012-05-04,3.383
2012-05-05,3.946
2012-05-06,3.5010000000000003
2012-05-07,3.912
2012-05-08,4.018
2012-05-09,4.395
2012-05-10,4.864
2012-05-11,5.83
2012-05-12,3.719
2012-05-13,3.299
2012-05-14,8.066
2012-05-15,4.415
2012-05-16,3.738
2012-05-17,2.512
2012-05-18,1.443
2012-05-19,3.82
2012-05-20,2.338
2012-05-21,4.426
2012-05-22,4.001
2012-05-23,1.847
2012-05-24,6.784
2012-05-25,3.205
2012-05-26,5.481
2012-05-27,3.6519999999999997
2012-05-28,2.718
2012-05-29,4.763
2012-05-30,3.324
2012-05-31,4.416
2012-06-01,2.818
2012-06-02,5.983
2012-06-03,5.305
2012-06-04,3.045
2012-06-05,6.001
2012-06-06,2.424
2012-06-07,2.045
2012-06-08,6.042000000000001
2012-06-09,0.141
2012-06-10,0.499
2012-06-11,1.466
2012-06-12,7.082999999999999
2012-06-13,1.929
2012-06-14,1.781
2012-06-15,4.178999999999999
2012-06-16,5.039
2012-06-17,6.41
2012-06-18,4.046
2012-06-19,1.435
2012-06-20,3.86
2012-06-21,2.3680000000000003
2012-06-22,5.9110000000000005
2012-06-23,2.583
2012-06-24,5.2139999999999995
2012-06-25,4.44
2012-06-26,6.477
2012-06-27,6.622999999999999
2012-06-28,3.6180000000000003
2012-06-29,5.428999999999999
2012-06-30,3.359
2012-07-01,3.281
2012-07-02,3.0869999999999997
2012-07-03,4.055
2012-07-04,5.189
2012-07-05,3.889
2012-07-06,4.59
2012-07-07,4.925
2012-07-08,5.916
2012-07-09,3.912
2012-07-10,2.827
2012-07-11,2.6689999999999996
2012-07-12,3.323
2012-07-13,4.221
2012-07-14,2.989
2012-07-15,4.824
2012-07-16,3.972
2012-07-17,1.584
2012-07-18,3.7
2012-07-19,3.7539999999999996
2012-07-20,2.269
2012-07-21,6.382999999999999
2012-07-22,7.874
2012-07-23,4.008
2012-07-24,2.044
2012-07-25,2.131
2012-07-26,4.01
2012-07-27,2.2769999999999997
2012-07-28,2.608
2012-07-29,5.275
2012-07-30,6.001
2012-07-31,6.922999999999999
2012-08-01,4.261
2012-08-02,3.273
2012-08-03,5.723
2012-08-04,5.803999999999999
2012-08-05,8.475
2012-08-06,6.584
2012-08-07,4.262
2012-08-08,6.877999999999999
2012-08-09,5.627000000000001
2012-08-10,4.9910000000000005
2012-08-11,2.376
2012-08-12,5.1770000000000005
2012-08-13,3.364
2012-08-14,5.375
2012-08-15,5.2
2012-08-16,4.843
2012-08-17,4.284
2012-08-18,3.638
2012-08-19,7.297000000000001
2012-08-20,4.861000000000001
2012-08-21,2.844
2012-08-22,4.137
2012-08-23,5.24
2012-08-24,4.3260000000000005
2012-08-25,6.66
2012-08-26,3.79
2012-08-27,5.85
2012-08-28,3.8569999999999998
2012-08-29,4.853
2012-08-30,5.537000000000001
2012-08-31,3.3139999999999996
2012-09-01,4.842
2012-09-02,7.358
2012-09-03,2.655
2012-09-04,6.686
2012-09-05,5.78
2012-09-06,6.502000000000001
2012-09-07,3.202
2012-09-08,4.208
2012-09-09,4.005
2012-09-10,6.728
2012-09-11,4.788
2012-09-12,5.361000000000001
2012-09-13,3.5789999999999997
2012-09-14,2.637
2012-09-15,2.84
2012-09-16,5.803
2012-09-17,7.108
2012-09-18,8.415
2012-09-19,6.242999999999999
2012-09-20,6.3020000000000005
2012-09-21,1.801
2012-09-22,5.766
2012-09-23,5.622999999999999
2012-09-24,2.4090000000000003
2012-09-25,4.0569999999999995
2012-09-27,1.578
2012-09-28,5.682
2012-09-29,2.7689999999999997
2012-09-30,4.016
2012-10-01,3.613
2012-10-02,8.042
2012-10-03,5.0889999999999995
2012-10-04,1.673
2012-10-05,5.026
2012-10-06,8.677
2012-10-07,8.022
2012-10-08,3.194
2012-10-09,8.329
2012-10-10,6.294
2012-10-11,6.92
2012-10-12,11.264000000000001
2012-10-13,6.814
2012-10-14,4.004
2012-10-15,2.969
2012-10-16,3.8710000000000004
2012-10-17,3.429
2012-10-18,8.648
2012-10-19,3.0589999999999997
2012-10-20,4.191
2012-10-21,6.185
2012-10-22,4.85
2012-10-23,3.258
2012-10-24,6.917999999999999
2012-10-25,9.215
2012-10-26,6.736000000000001
2012-10-27,7.454
2012-10-28,7.2829999999999995
2012-10-29,5.239
2012-10-30,13.405
2012-10-31,5.221
2012-11-01,0.785
2012-11-02,6.327999999999999
2012-11-03,3.822
2012-11-04,6.272
2012-11-05,2.44
2012-11-06,6.115
2012-11-07,1.7790000000000001
2012-11-08,1.528
2012-11-09,7.57
2012-11-10,7.901
2012-11-11,5.825
2012-11-12,6.678999999999999
2012-11-13,2.459
2012-11-14,19.904
2012-11-15,6.705
2012-11-16,7.29
2012-11-17,6.407
2012-11-18,5.582000000000001
2012-11-19,6.631
2012-11-20,5.4
2012-11-21,4.346
2012-11-22,7.044
2012-11-23,5.502000000000001
2012-11-24,6.354
2012-11-25,11.720999999999998
2012-11-26,5.169
2012-11-27,2.912
2012-11-28,2.928
2012-11-29,1.611
2012-11-30,3.6910000000000003
2012-12-01,5.364
2012-12-02,4.727
2012-12-03,5.832999999999999
2012-12-04,4.887
2012-12-05,4.447
2012-12-06,1.4580000000000002
2012-12-07,2.895
2012-12-08,0.758
2012-12-09,5.356
2012-12-10,4.691
2012-12-11,2.4930000000000003
2012-12-12,3.673
2012-12-13,4.644
2012-12-14,5.118
2012-12-15,2.289
2012-12-16,5.074
2012-12-17,2.472
2012-12-18,3.497
2012-12-19,2.805
2012-12-20,6.652
2012-12-21,2.528
2012-12-22,5.351
2012-12-23,3.728
2012-12-24,2.904
2012-12-25,3.946
2012-12-26,4.027
2012-12-27,11.790999999999999
2012-12-28,4.763
2012-12-29,2.369
2012-12-30,1.78
2012-12-31,8.4
2013-01-01,3.327
2013-01-02,3.6860000000000004
2013-01-03,8.8
2013-01-04,3.267
2013-01-05,6.928
2013-01-06,3.303
2013-01-07,3.7960000000000003
2013-01-08,4.62
2013-01-09,26.543000000000003
2013-01-10,3.457
2013-01-11,5.439
2013-01-12,4.885
2013-01-13,4.4
2013-01-14,4.177
2013-01-15,7.08
2013-01-16,7.399
2013-01-17,7.324
2013-01-18,7.577999999999999
2013-01-19,3.477
2013-01-20,4.862
2013-01-21,5.355
2013-01-22,4.852
2013-01-23,7.395
2013-01-24,1.49
2013-01-25,0.998
2013-01-26,2.2969999999999997
2013-01-27,6.587999999999999
2013-01-28,3.366
2013-01-29,2.464
2013-01-30,7.3870000000000005
2013-01-31,6.787000000000001
2013-02-01,2.735
2013-02-02,5.529
2013-02-03,5.237
2013-02-04,7.263999999999999
2013-02-05,5.747000000000001
2013-02-06,7.013999999999999
2013-02-07,6.459
2013-02-08,6.273
2013-02-09,2.8789999999999996
2013-02-10,1.9380000000000002
2013-02-11,3.927
2013-02-12,7.455
2013-02-13,5.765
2013-02-14,3.9539999999999997
2013-02-15,6.061
2013-02-16,6.103
2013-02-17,4.226
2013-02-18,7.132000000000001
2013-02-19,9.457
2013-02-20,2.0669999999999997
2013-02-21,3.0439999999999996
2013-02-22,4.401
2013-02-23,8.829
2013-02-24,3.9619999999999997
2013-02-25,6.6739999999999995
2013-02-26,5.406000000000001
2013-02-27,7.494
2013-02-28,4.085
2013-03-01,2.208
2013-03-02,6.392
2013-03-03,2.533
2013-03-04,4.97
2013-03-05,2.9160000000000004
2013-03-06,6.916
2013-03-07,5.421
2013-03-08,4.9110000000000005
2013-03-09,7.955
2013-03-10,8.461
2013-03-11,5.66
2013-03-12,7.641
2013-03-13,6.539
2013-03-14,7.01
2013-03-15,3.825
2013-03-16,2.9360000000000004
2013-03-17,3.365
2013-03-18,4.8260000000000005
2013-03-19,10.602
2013-03-20,3.8480000000000003
2013-03-21,3.1210000000000004
2013-03-22,2.126
2013-03-23,1.13
2013-03-24,7.528
2013-03-25,4.477
2013-03-26,2.9619999999999997
2013-03-27,2.655
2013-03-28,4.798
2013-03-29,6.693
2013-03-30,6.274
2013-03-31,4.056
2013-04-01,7.608
2013-04-02,3.9930000000000003
2013-04-03,4.0489999999999995
2013-04-04,5.731
2013-04-05,1.6769999999999998
2013-04-06,5.422999999999999
2013-04-07,3.636
2013-04-09,6.0489999999999995
2013-04-10,2.891
2013-04-11,1.68
2013-04-12,4.513
2013-04-13,6.131
2013-04-14,2.826
2013-04-15,2.338
2013-04-16,3.465
2013-04-17,8.837
2013-04-18,5.4910000000000005
2013-04-19,7.093
2013-04-20,3.44
2013-04-21,2.209
2013-04-22,6.777
2013-04-23,5.716
2013-04-24,4.883
2013-04-25,4.49
2013-04-26,4.901
2013-04-27,8.066
2013-04-28,5.814
2013-04-29,4.7669999999999995
2013-04-30,4.303
2013-05-01,8.03
2013-05-02,11.088
2013-05-03,5.875
2013-05-04,2.898
2013-05-05,3.386
2013-05-06,4.386
2013-05-07,5.935
2013-05-08,2.883
2013-05-09,1.162
2013-05-10,7.843
2013-05-11,6.176
2013-05-12,5.221
2013-05-13,4.461
2013-05-14,4.262
2013-05-15,5.023
2013-05-16,5.58
2013-05-17,6.854
2013-05-18,10.549000000000001
2013-05-19,2.9160000000000004
2013-05-20,6.9239999999999995
2013-05-21,3.745
2013-05-22,8.622
2013-05-23,3.342
2013-05-24,2.206
2013-05-25,7.555
2013-05-26,3.7430000000000003
2013-05-27,3.451
2013-05-28,5.5729999999999995
2013-05-29,6.912999999999999
2013-05-30,3.201
2013-05-31,5.064
2013-06-01,4.711
2013-06-02,2.023
2013-06-03,6.88
2013-06-04,2.069
2013-06-05,4.981
2013-06-06,3.9219999999999997
2013-06-07,3.792
2013-06-08,4.516
2013-06-09,3.549
2013-06-10,5.478
2013-06-11,2.513
2013-06-12,6.511
2013-06-13,3.635
2013-06-14,5.917999999999999
2013-06-15,5.933
2013-06-16,5.486000000000001
2013-06-17,8.027000000000001
2013-06-18,2.971
2013-06-19,2.6910000000000003
2013-06-20,5.257999999999999
2013-06-21,6.434
2013-06-22,6.943
2013-06-23,6.295
2013-06-24,6.29
2013-06-25,3.5210000000000004
2013-06-26,3.305
2013-06-27,8.057
2013-06-28,7.001
2013-06-29,4.032
2013-06-30,6.245
2013-07-01,3.4330000000000003
2013-07-02,5.193
2013-07-03,6.275
2013-07-04,5.337000000000001
2013-07-05,4.578
2013-07-06,7.531000000000001
2013-07-07,2.338
2013-07-08,2.798
2013-07-09,7.8420000000000005
2013-07-10,11.460999999999999
2013-07-11,2.9410000000000003
2013-07-12,3.9810000000000003
2013-07-13,6.3
2013-07-14,5.934
2013-07-15,8.109
2013-07-16,8.674
2013-07-17,2.1830000000000003
2013-07-18,2.283
2013-07-19,9.541
2013-07-20,6.778
2013-07-21,4.4639999999999995
2013-07-22,4.038
2013-07-23,7.527
2013-07-24,7.5360000000000005
2013-07-25,2.945
2013-07-26,4.613
2013-07-27,7.481
2013-07-28,2.141
2013-07-29,1.899
2013-07-30,8.552999999999999
2013-07-31,10.614
2013-08-01,1.9240000000000002
2013-08-02,3.782
2013-08-03,6.837999999999999
2013-08-04,9.283999999999999
2013-08-05,4.18
2013-08-06,3.194
2013-08-07,3.512
2013-08-08,8.124
2013-08-09,3.803
2013-08-10,8.647
2013-08-11,8.523
2013-08-12,2.235
2013-08-13,5.662000000000001
2013-08-14,5.35
2013-08-15,5.67
2013-08-16,5.079
2013-08-17,6.797000000000001
2013-08-18,2.198
2013-08-19,2.7880000000000003
2013-08-20,4.906000000000001
2013-08-21,6.162999999999999
2013-08-22,5.97
2013-08-23,4.64
2013-08-24,5.292000000000001
2013-08-25,7.978
2013-08-26,4.066
2013-08-27,5.747000000000001
2013-08-28,2.419
2013-08-29,3.588
2013-08-30,11.880999999999998
2013-08-31,2.764
2013-09-01,3.281
2013-09-02,8.568
2013-09-03,5.56
2013-09-04,2.717
2013-09-05,3.529
2013-09-06,7.999
2013-09-07,12.526
2013-09-08,3.14
2013-09-09,13.302
2013-09-10,3.637
2013-09-11,3.2030000000000003
2013-09-12,2.472
2013-09-13,2.6189999999999998
2013-09-14,7.807
2013-09-15,9.447000000000001
2013-09-16,2.338
2013-09-17,3.986
2013-09-18,3.7960000000000003
2013-09-19,2.6189999999999998
2013-09-20,2.873
2013-09-21,6.726
2013-09-22,5.943
2013-09-23,3.3539999999999996
2013-09-24,13.345
2013-09-25,2.6719999999999997
2013-09-26,4.58
2013-09-27,2.5610000000000004
2013-09-28,5.235
2013-09-29,5.672999999999999
2013-09-30,3.907
2013-10-01,3.219
2013-10-02,5.311
2013-10-03,0.46
2013-10-04,35.141999999999996
2013-10-05,3.995
2013-10-06,1.6840000000000002
2013-10-07,6.553
2013-10-08,1.4280000000000002
2013-10-09,7.367999999999999
2013-10-10,9.218
2013-10-11,9.637
2013-10-12,3.7880000000000003
2013-10-13,2.693
2013-10-14,1.651
2013-10-15,8.021
2013-10-16,8.335
2013-10-17,1.9269999999999998
2013-10-18,3.4619999999999997
2013-10-19,2.681
2013-10-20,4.631
2013-10-21,3.242
2013-10-22,7.183
2013-10-23,2.968
2013-10-24,2.0869999999999997
2013-10-25,4.398
2013-10-26,6.659
2013-10-27,3.0869999999999997
2013-10-28,3.718
2013-10-29,5.563
2013-10-30,4.632
2013-10-31,8.16
2013-11-01,7.559
2013-11-02,5.784
2013-11-03,4.519
2013-11-04,6.438
2013-11-05,5.376
2013-11-06,4.349
2013-11-07,3.2739999999999996
2013-11-08,6.553999999999999
2013-11-09,12.01
2013-11-10,5.587000000000001
2013-11-11,5.985
2013-11-12,4.898
2013-11-13,3.87
2013-11-14,6.934
2013-11-15,7.715
2013-11-16,6.05
2013-11-17,2.226
2013-11-18,13.559000000000001
2013-11-19,3.83
2013-11-20,5.35
2013-11-21,3.148
2013-11-22,4.777
2013-11-23,1.284
2013-11-24,3.0989999999999998
2013-11-25,4.4430000000000005
2013-11-26,3.5
2013-11-27,5.9239999999999995
2013-11-28,5.113
2013-11-29,3.1069999999999998
2013-11-30,5.945
2013-12-01,2.1519999999999997
2013-12-02,6.772
2013-12-03,10.057
2013-12-04,3.2539999999999996
2013-12-05,2.897
2013-12-06,4.069
2013-12-07,2.17
2013-12-08,1.146
2013-12-09,4.045
2013-12-10,6.806
2013-12-11,1.2109999999999999
2013-12-12,1.849
2013-12-13,5.957999999999999
2013-12-14,3.015
2013-12-15,4.187
2013-12-16,1.824
2013-12-17,3.1660000000000004
2013-12-18,5.36
2013-12-19,2.026
2013-12-20,1.095
2013-12-21,3.305
2013-12-22,5.712000000000001
2013-12-23,2.6430000000000002
2013-12-24,3.011
2013-12-25,3.339
2013-12-26,8.879
2013-12-27,1.4780000000000002
2013-12-28,8.74
2013-12-29,8.264
2013-12-30,6.53
2013-12-31,7.962999999999999
2014-01-01,7.486000000000001
2014-01-02,4.768
2014-01-03,5.142
2014-01-04,4.12
2014-01-05,3.858
2014-01-06,6.2620000000000005
2014-01-07,6.29
2014-01-08,1.8940000000000001
2014-01-09,9.466000000000001
2014-01-10,6.435
2014-01-11,0.988
2014-01-12,5.845
2014-01-13,4.869
2014-01-14,1.55
2014-01-15,8.141
2014-01-16,4.251
2014-01-17,6.822
2014-01-18,3.4819999999999998
2014-01-19,7.023
2014-01-20,2.311
2014-01-21,3.023
2014-01-22,3.429
2014-01-23,1.2329999999999999
2014-01-24,5.4270000000000005
2014-01-25,7.327000000000001
2014-01-26,2.86
2014-01-27,1.112
2014-01-28,7.81
2014-01-29,5.354
2014-01-30,5.486000000000001
2014-01-31,4.162
2014-02-01,6.445
2014-02-02,1.558
2014-02-03,3.142
2014-02-04,2.783
2014-02-05,3.2439999999999998
2014-02-06,4.351
2014-02-07,2.6710000000000003
2014-02-08,3.008
2014-02-09,6.095
2014-02-10,1.32
2014-02-11,1.88
2014-02-12,1.153
2014-02-13,1.381
2014-02-14,10.705
2014-02-15,4.524
2014-02-16,4.437
2014-02-17,11.004000000000001
2014-02-18,6.901
2014-02-19,4.368
2014-02-20,4.2989999999999995
2014-02-21,6.734
2014-02-22,1.876
2014-02-23,7.407
2014-02-24,1.46
2014-02-25,5.569
2014-02-26,9.798
2014-02-27,1.767
2014-02-28,4.863
2014-03-01,3.2
2014-03-02,3.762
2014-03-03,3.6010000000000004
2014-03-04,1.005
2014-03-05,3.532
2014-03-06,3.185
2014-03-07,2.759
2014-03-08,3.341
2014-03-09,2.124
2014-03-10,2.286
2014-03-11,1.052
2014-03-12,1.403
2014-03-13,2.3080000000000003
2014-03-14,1.287
2014-03-15,2.38
2014-03-16,2.478
2014-03-17,2.622
2014-03-18,0.721
2014-03-19,3.093
2014-03-20,7.365
2014-03-21,3.908
2014-03-22,3.2710000000000004
2014-03-23,2.753
2014-03-24,6.029
2014-03-25,1.43
2014-03-26,2.798
2014-03-27,5.69
2014-03-28,2.707
2014-03-29,3.71
2014-03-30,4.465
2014-03-31,5.237
2014-04-01,5.935
2014-04-02,4.754
2014-04-03,1.774
2014-04-04,8.448
2014-04-05,2.383
2014-04-06,4.309
2014-04-07,1.527
2014-04-08,6.695
2014-04-09,2.627
2014-04-10,3.6660000000000004
2014-04-11,2.184
2014-04-12,6.4110000000000005
2014-04-13,2.135
2014-04-14,5.45
2014-04-15,2.928
2014-04-16,0.779
2014-04-17,5.332000000000001
2014-04-18,5.702000000000001
2014-04-19,2.272
2014-04-20,2.5180000000000002
2014-04-21,6.881
2014-04-22,7.1339999999999995
2014-04-23,3.7319999999999998
2014-04-24,10.865
2014-04-25,6.436
2014-04-26,3.9760000000000004
2014-04-27,0.828
2014-04-28,4.406000000000001
2014-04-29,4.52
2014-04-30,4.0680000000000005
2014-05-01,4.1530000000000005
2014-05-02,7.757999999999999
2014-05-03,6.19
2014-05-04,3.861
2014-05-05,4.353
2014-05-06,10.823
2014-05-07,4.433
2014-05-08,4.395
2014-05-09,5.945
2014-05-10,2.14
2014-05-11,6.154
2014-05-12,4.8
2014-05-13,4.816
2014-05-14,7.127000000000001
2014-05-15,2.049
2014-05-16,2.779
2014-05-17,2.208
2014-05-18,2.56
2014-05-19,1.105
2014-05-20,2.235
2014-05-21,1.7169999999999999
2014-05-22,6.3839999999999995
2014-05-23,5.46
2014-05-24,4.266
2014-05-25,7.223
2014-05-26,3.248
2014-05-27,7.672999999999999
2014-05-28,2.524
2014-05-29,4.992
2014-05-30,0.875
2014-05-31,4.622
2014-06-01,4.445
2014-06-02,1.861
2014-06-03,2.302
2014-06-04,4.8919999999999995
2014-06-05,3.4589999999999996
2014-06-06,7.614
2014-06-07,2.945
2014-06-08,1.037
2014-06-09,2.476
2014-06-10,7.827000000000001
2014-06-11,6.261
2014-06-12,4.738
2014-06-13,6.242000000000001
2014-06-14,39.748000000000005
2014-06-15,8.549
2014-06-16,43.617
2014-06-17,7.921
2014-06-18,13.63
2014-06-19,39.091
2014-06-20,30.926
2014-06-21,13.105
2014-06-22,30.449
2014-06-23,14.68
2014-06-24,27.73
2014-06-25,20.34
2014-06-26,9.316
2014-06-27,33.101
2014-06-28,31.535
2014-06-29,4.244
2014-06-30,31.429000000000002
2014-07-01,21.454
2014-07-02,4.946000000000001
2014-07-03,10.34
2014-07-04,36.485
2014-07-05,29.951999999999998
2014-07-06,16.238
2014-07-07,18.372
2014-07-08,60.199
2014-07-09,0.623
2014-07-10,5.566
2014-07-11,0.618
2014-07-12,3.005
2014-07-13,6.678
2014-07-14,31.930999999999997
2014-07-15,9.982000000000001
2014-07-16,20.187
2014-07-17,4.103
2014-07-18,34.643
2014-07-19,16.035999999999998
2014-07-20,13.605
2014-07-21,27.261
2014-07-22,15.175999999999998
2014-07-23,16.583
2014-07-24,39.258
2014-07-25,17.456
2014-07-26,36.551
2014-07-27,34.009
2014-07-28,24.451999999999998
2014-07-29,22.379
2014-07-30,12.481
2014-07-31,23.218000000000004
2014-08-01,40.83
2014-08-02,23.323
2014-08-03,28.505
2014-08-04,16.619
2014-08-05,9.635
2014-08-06,23.624000000000002
2014-08-07,22.364
2014-08-08,38.111999999999995
2014-08-09,11.424000000000001
2014-08-10,16.223
2014-08-11,22.453000000000003
2014-08-12,9.672
2014-08-13,4.124
2014-08-14,13.425
2014-08-15,35.461999999999996
2014-08-16,35.291
2014-08-17,37.245
2014-08-18,39.959
2014-08-19,13.209000000000001
2014-08-20,9.437999999999999
2014-08-21,16.267
2014-08-22,13.716
2014-08-23,14.305
2014-08-24,9.119
2014-08-25,43.1
2014-08-26,25.419
2014-08-27,16.105
2014-08-28,12.555
2014-08-29,11.512
2014-08-30,41.103
2014-08-31,34.055
2014-09-01,3.43
2014-09-02,41.231
2014-09-03,8.132
2014-09-04,66.78699999999999
2014-09-05,29.191999999999997
2014-09-06,19.854
2014-09-07,26.093000000000004
2014-09-08,22.144000000000002
2014-09-09,2.025
2014-09-10,7.539
2014-09-11,19.995
2014-09-12,9.97
2014-09-13,15.08
2014-09-14,15.174000000000001
2014-09-15,6.555
2014-09-16,11.002
2014-09-17,18.305
2014-09-18,15.092
2014-09-19,2.938
2014-09-20,21.759
2014-09-21,16.407
2014-09-22,15.18
2014-09-23,15.374
2014-09-24,32.681999999999995
2014-09-25,16.344
2014-09-26,19.160999999999998
2014-09-27,13.197000000000001
2014-09-28,18.59
2014-09-29,27.959
2014-09-30,29.921
2014-10-01,4.471
2014-10-02,9.206
2014-10-03,18.059
2014-10-04,7.766
2014-10-05,8.693
2014-10-06,14.652000000000001
2014-10-07,9.419
2014-10-08,11.262
2014-10-09,24.29
2014-10-10,17.243
2014-10-11,19.656
2014-10-12,11.947000000000001
2014-10-13,22.958000000000002
2014-10-14,15.255
2014-10-15,10.364
2014-10-16,10.649000000000001
2014-10-17,16.994
2014-10-18,4.433
2014-10-19,14.904000000000002
2014-10-20,57.71
2014-10-21,8.883
2014-10-22,8.855
2014-10-23,17.903
2014-10-24,6.678
2014-10-25,11.341
2014-10-26,37.695
2014-10-27,38.025
2014-10-28,28.82
2014-10-29,21.608
2014-10-30,56.21
2014-10-31,26.081
2014-11-01,20.029
2014-11-02,38.461999999999996
2014-11-03,46.318999999999996
2014-11-04,25.066999999999997
2014-11-05,36.578
2014-11-06,23.834
2014-11-07,18.444000000000003
2014-11-08,11.866
2014-11-09,21.271
2014-11-10,12.365
2014-11-11,12.729000000000001
2014-11-12,23.72
2014-11-13,20.245
2014-11-14,19.566
2014-11-15,38.571999999999996
2014-11-16,11.857999999999999
2014-11-17,44.976000000000006
2014-11-18,28.526999999999997
2014-11-19,30.055999999999997
2014-11-20,9.911
2014-11-21,15.960999999999999
2014-11-22,14.469000000000001
2014-11-23,12.918
2014-11-24,36.396
2014-11-25,7.852
2014-11-26,23.096
2014-11-27,13.96
2014-11-28,24.94
2014-11-29,13.107000000000001
2014-11-30,37.99
2014-12-01,3.99
2014-12-02,30.899
2014-12-03,37.524
2014-12-04,5.787999999999999
2014-12-05,13.147
2014-12-06,28.686
2014-12-07,29.328000000000003
2014-12-08,57.2
2014-12-09,15.072000000000001
2014-12-10,0.512
2014-12-11,29.184
2014-12-12,13.556
2014-12-13,39.726
2014-12-14,15.638
2014-12-15,8.336
2014-12-16,23.355999999999998
2014-12-17,20.218
2014-12-18,30.586
2014-12-19,3.714
2014-12-20,37.152
2014-12-21,16.426
2014-12-22,23.804000000000002
2014-12-23,3.877
2014-12-24,32.907
2014-12-25,36.749
2014-12-26,35.760999999999996
2014-12-27,3.79
2014-12-28,19.974
2014-12-29,17.284000000000002
2014-12-30,30.487
2014-12-31,29.596999999999998
2015-01-01,16.436
2015-01-02,29.781999999999996
2015-01-03,32.741
2015-01-04,26.526
2015-01-05,19.143
2015-01-06,36.929
2015-01-07,20.349
2015-01-08,15.517000000000001
2015-01-09,31.23
2015-01-10,27.926
2015-01-11,16.621
2015-01-12,18.636
2015-01-13,18.846
2015-01-14,7.831
2015-01-15,32.069
2015-01-16,35.454
2015-01-17,11.2
2015-01-18,18.500999999999998
2015-01-19,13.812999999999999
2015-01-20,19.102999999999998
2015-01-21,3.611
2015-01-22,30.621
2015-01-23,19.445999999999998
2015-01-24,10.969000000000001
2015-01-25,36.205999999999996
2015-01-26,32.018
2015-01-27,18.703
2015-01-28,22.264
2015-01-29,4.959
2015-01-30,16.680999999999997
2015-01-31,15.571
2015-02-01,35.613
2015-02-02,13.149000000000001
2015-02-03,41.543
2015-02-04,14.527999999999999
2015-02-05,19.773
2015-02-06,32.84
2015-02-07,13.124
2015-02-08,15.677999999999999
2015-02-09,34.559
2015-02-10,28.848000000000003
2015-02-11,7.93
2015-02-12,12.595999999999998
2015-02-13,5.46
2015-02-14,18.159000000000002
2015-02-15,15.068
2015-02-16,4.114
2015-02-17,14.485999999999999
2015-02-18,20.829
2015-02-19,9.635
2015-02-20,10.569
2015-02-21,38.52
2015-02-22,12.469000000000001
2015-02-23,35.573
2015-02-24,7.3870000000000005
2015-02-25,35.99
2015-02-26,10.015
2015-02-27,38.297
2015-02-28,62.431999999999995
2015-03-01,8.024
2015-03-02,35.325
2015-03-03,34.79
2015-03-04,14.754000000000001
2015-03-05,8.875
2015-03-06,33.957
2015-03-07,23.074
2015-03-08,6.401
2015-03-09,16.033
2015-03-10,10.950999999999999
2015-03-11,7.539
2015-03-12,21.0
2015-03-13,7.782
2015-03-14,10.793
2015-03-15,19.668
2015-03-16,7.269
2015-03-17,23.065
2015-03-18,35.626999999999995
2015-03-19,11.727
2015-03-20,35.259
2015-03-21,10.307
2015-03-22,16.547
2015-03-23,12.224
2015-03-24,19.903
2015-03-25,4.882
2015-03-26,8.675
2015-03-27,32.658
2015-03-28,25.123
2015-03-29,37.645
2015-03-30,33.556
2015-03-31,5.005
2015-04-01,48.683
2015-04-02,6.41
2015-04-03,7.3229999999999995
2015-04-04,15.823
2015-04-05,17.744
2015-04-06,3.154
2015-04-07,30.712
2015-04-08,2.041
2015-04-09,24.003
2015-04-10,29.503
2015-04-11,11.379000000000001
2015-04-12,24.131
2015-04-13,2.416
2015-04-14,32.132
2015-04-15,22.753
2015-04-16,27.618000000000002
2015-04-17,131.88299999999998
2015-04-18,20.43
2015-04-19,53.541000000000004
2015-04-20,5.7860000000000005
2015-04-21,50.181000000000004
2015-04-22,39.827
2015-04-23,21.0
2015-04-24,56.508
2015-04-25,29.633000000000003
2015-04-26,15.247
2015-04-27,48.113
2015-04-28,28.941999999999997
2015-04-29,58.618
2015-04-30,41.396
2015-05-01,38.222
2015-05-02,27.043000000000003
2015-05-03,18.92
2015-05-04,15.931
2015-05-05,23.541
2015-05-06,13.142000000000001
2015-05-07,44.716
2015-05-08,24.679000000000002
2015-05-09,32.193000000000005
2015-05-10,15.762
2015-05-11,31.590999999999998
2015-05-12,23.272
2015-05-13,36.291
2015-05-14,40.448
2015-05-15,31.441
2015-05-16,18.48
2015-05-17,25.851999999999997
2015-05-18,54.089
2015-05-19,26.901999999999997
2015-05-20,21.351
2015-05-21,16.901
2015-05-22,13.517999999999999
2015-05-23,23.968000000000004
2015-05-24,50.065
2015-05-25,27.885
2015-05-26,6.337000000000001
2015-05-27,55.236999999999995
2015-05-28,6.428
2015-05-29,45.534
2015-05-30,34.977
2015-05-31,11.25
2015-06-01,30.189
2015-06-02,8.636000000000001
2015-06-03,31.875
2015-06-04,10.712
2015-06-05,8.796
2015-06-06,27.603
2015-06-07,11.120999999999999
2015-06-08,15.984000000000002
2015-06-09,3.26
2015-06-10,25.803
2015-06-11,11.231
2015-06-12,34.421
2015-06-13,30.884
2015-06-14,13.225
2015-06-15,54.906000000000006
2015-06-16,21.805999999999997
2015-06-17,35.553000000000004
2015-06-18,13.071
2015-06-19,18.795
2015-06-20,14.622
2015-06-21,32.751
2015-06-22,25.037
2015-06-23,14.977
2015-06-24,20.854
2015-06-25,23.654
2015-06-26,26.588
2015-06-27,5.119
2015-06-28,63.888000000000005
2015-06-29,41.833999999999996
2015-06-30,20.85
2015-07-01,20.035999999999998
2015-07-02,37.053000000000004
2015-07-03,80.816
2015-07-04,17.535
2015-07-05,28.933000000000003
2015-07-06,54.409
2015-07-07,19.633
2015-07-08,20.686
2015-07-09,22.250999999999998
2015-07-10,0.563
2015-07-11,36.427
2015-07-12,41.73
2015-07-13,1.305
2015-07-14,28.168000000000003
2015-07-15,16.132
2015-07-16,19.57
2015-07-17,18.48
2015-07-18,43.68899999999999
2015-07-19,16.660999999999998
2015-07-20,32.657
2015-07-21,14.307
2015-07-22,47.202
2015-07-23,36.145
2015-07-24,27.246
2015-07-25,38.991
2015-07-26,42.993
2015-07-27,37.213
2015-07-28,17.293
2015-07-29,14.664000000000001
2015-07-30,24.816
2015-07-31,27.825
2015-08-01,4.538
2015-08-02,8.525
2015-08-03,16.471
2015-08-04,24.561
2015-08-06,31.814
2015-08-07,15.253
2015-08-08,33.536
2015-08-09,37.549
2015-08-10,17.044
2015-08-11,19.88
2015-08-12,34.024
2015-08-13,19.039
2015-08-14,23.226
2015-08-15,27.3
2015-08-16,16.519000000000002
2015-08-17,19.352
2015-08-18,13.442
2015-08-19,43.768
2015-08-20,49.563
2015-08-21,52.59
2015-08-22,9.901
2015-08-23,21.191
2015-08-24,134.308
2015-08-25,18.704
2015-08-26,26.138
2015-08-27,25.318
2015-08-28,46.272
2015-08-29,21.6
2015-08-30,21.326
2015-08-31,14.02
2015-09-01,15.860999999999999
2015-09-02,34.644
2015-09-03,99.766
2015-09-04,12.495999999999999
2015-09-05,13.437999999999999
2015-09-06,16.018
2015-09-07,10.488
2015-09-08,20.973000000000003
2015-09-09,14.538
2015-09-10,12.812000000000001
2015-09-11,41.735
2015-09-12,38.118
2015-09-13,14.783
2015-09-14,4.323
2015-09-15,50.11600000000001
2015-09-16,30.116999999999997
2015-09-17,20.643
2015-09-18,9.914
2015-09-19,20.653000000000002
2015-09-20,13.491
2015-09-21,4.396
2015-09-22,13.135
2015-09-23,20.487
2015-09-24,25.428
2015-09-25,3.6630000000000003
2015-09-26,10.258
2015-09-27,7.797999999999999
2015-09-28,18.866
2015-09-29,45.173
2015-09-30,10.83
2015-10-01,43.297
2015-10-02,10.064
2015-10-03,9.779
2015-10-04,23.361
2015-10-05,18.389
2015-10-06,13.745999999999999
2015-10-07,11.912
2015-10-08,42.056000000000004
2015-10-09,2.235
2015-10-10,3.3789999999999996
2015-10-11,9.476
2015-10-12,2.8710000000000004
2015-10-13,39.268
2015-10-14,1.751
2015-10-15,14.829
2015-10-16,2.72
2015-10-17,6.422000000000001
2015-10-18,0.818
2015-10-19,26.064
2015-10-20,10.765999999999998
2015-10-21,8.934
2015-10-22,6.1610000000000005
2015-10-23,0.20600000000000002
2015-10-24,3.556
2015-10-25,2.544
2015-10-26,13.265999999999998
2015-10-27,25.245
2015-10-28,70.414
2015-10-29,10.355
2015-10-30,0.546
2015-10-31,9.152000000000001
2015-11-01,4.151
2015-11-02,13.242
2015-11-03,4.348
2015-11-04,32.869
2015-11-05,7.079
2015-11-06,8.374
2015-11-07,5.3420000000000005
2015-11-08,4.048
2015-11-09,10.333
2015-11-10,12.318
2015-11-11,7.38
2015-11-12,3.299
2015-11-13,2.0140000000000002
2015-11-14,9.271
2015-11-15,21.737
2015-11-16,7.534
2015-11-17,1.004
2015-11-18,5.229
2015-11-19,10.673
2015-11-20,11.135
2015-11-21,67.479
2015-11-22,58.343
2015-11-23,15.655999999999999
2015-11-24,18.205
2015-11-25,56.281000000000006
2015-11-26,33.109
2015-11-27,14.468
2015-11-28,26.908
2015-11-29,16.714000000000002
2015-11-30,35.016
2015-12-01,37.556
2015-12-02,34.626999999999995
2015-12-03,12.665
2015-12-04,18.83
2015-12-05,16.723
2015-12-06,31.136999999999997
2015-12-07,22.886
2015-12-08,16.667
2015-12-09,9.308
2015-12-10,0.375
2015-12-11,44.16
2015-12-12,16.986
2015-12-13,141.118
2015-12-14,13.594000000000001
2015-12-15,14.370999999999999
2015-12-16,17.46
2015-12-17,27.537
2015-12-18,33.139
2015-12-19,40.299
2015-12-20,74.475
2015-12-21,15.857000000000001
2015-12-22,23.469
2015-12-23,1.083
2015-12-24,16.167
2015-12-25,70.502
2015-12-27,34.411
2015-12-29,34.717
2016-01-03,2.3080000000000003
2016-01-04,14.339
2016-01-05,26.713
2016-01-07,10.977
2016-01-09,20.839000000000002
2016-01-10,26.104
2016-01-11,20.349
2016-01-13,2.9
2016-01-16,10.186
2016-01-17,45.107
2016-01-18,5.49
2016-01-21,0.821
2016-01-22,37.314
2016-01-23,9.833
2016-01-26,6.142
2016-01-30,0.39
2016-02-02,568.988
2016-02-03,10.874
2016-02-05,166.655
2016-02-06,50.409
2016-02-07,29.304000000000002
2016-02-09,8.962
2016-02-11,54.297
2016-02-12,50.896
2016-02-13,53.905
2016-02-14,6.704
2016-02-16,39.917
2016-02-17,55.727
2016-02-19,82.947
2016-02-20,3.4330000000000003
2016-02-23,145.05100000000002
2016-02-24,5.269
2016-02-25,66.03399999999999
2016-02-26,14.034
2016-02-28,2.019
2016-03-01,4.069
2016-03-03,1.382
2016-03-04,12.203
2016-03-05,0.603
2016-03-07,183.338
2016-03-08,0.685
2016-03-09,6.831
2016-03-10,64.324
2016-03-11,16.467
2016-03-13,0.091
2016-03-14,2.094
2016-03-18,9.521
2016-03-19,22.021
2016-03-21,5.506
2016-03-22,1.044
2016-03-23,30.326999999999998
2016-03-24,7.175
2016-03-25,10.634
2016-03-26,10.479000000000001
2016-03-27,37.048
2016-03-28,85.84100000000001
2016-03-29,2.697
2016-03-30,11.113
2016-03-31,2.251
2016-04-02,5.636
2016-04-03,2.38
2016-04-04,4.9510000000000005
2016-04-05,16.535
2016-04-07,15.732000000000001
2016-04-08,5.186
2016-04-09,69.113
2016-04-10,5.218
2016-04-11,45.981
2016-04-12,17.666
2016-04-14,12.460999999999999
2016-04-15,1.23
2016-04-17,13.796
2016-04-18,1.885
2016-04-19,2.6319999999999997
2016-04-20,2.694
2016-04-21,1.212
2016-04-22,7.072
2016-04-23,11.177
2016-04-25,6.246
2016-04-27,46.95
2016-04-28,8.68
2016-04-29,6.9079999999999995
2016-04-30,3.384
2016-05-01,8.607999999999999
2016-05-02,4.388
2016-05-04,0.925
2016-05-05,5.994
2016-05-06,50.294
2016-05-07,34.319
2016-05-08,71.354
2016-05-09,29.929000000000002
2016-05-10,65.62100000000001
2016-05-11,12.595
2016-05-12,34.832
2016-05-13,5.403
2016-05-14,4.149
2016-05-15,11.675
2016-05-16,39.313
2016-05-17,1.636
2016-05-18,87.041
2016-05-19,27.929000000000002
2016-05-20,4.873
2016-05-21,37.736999999999995
2016-05-22,8.736
2016-05-23,21.99
2016-05-24,13.13
2016-05-25,0.293
2016-05-26,22.302
2016-05-27,27.405
2016-05-28,53.387
2016-05-29,11.582
2016-05-30,8.105
2016-05-31,11.193
2016-06-01,60.72
2016-06-02,2.052
2016-06-04,16.45
2016-06-05,37.631
2016-06-06,41.588
2016-06-07,47.574
2016-06-08,24.134
2016-06-09,42.549
2016-06-10,19.37
2016-06-11,58.997
2016-06-12,44.673
2016-06-13,26.581
2016-06-14,21.993000000000002
2016-06-15,39.173
2016-06-16,20.892
2016-06-17,3.57
2016-06-18,57.703
2016-06-19,47.055
2016-06-20,81.38600000000001
2016-06-21,9.557
2016-06-22,18.429000000000002
2016-06-23,35.233000000000004
2016-06-24,10.32
2016-06-25,65.774
2016-06-26,13.708
2016-06-27,67.763
2016-06-28,9.822000000000001
2016-06-29,14.854000000000001
2016-06-30,37.471
2016-07-01,17.561
2016-07-02,19.994
2016-07-03,25.974
2016-07-04,22.631999999999998
2016-07-05,15.879000000000001
2016-07-06,8.874
2016-07-07,0.9620000000000001
2016-07-08,4.779
2016-07-09,15.669
2016-07-10,24.819000000000003
2016-07-11,9.921
2016-07-12,6.44
2016-07-13,1.45
2016-07-14,1.744
2016-07-15,9.722000000000001
2016-07-16,13.907
2016-07-17,11.849
2016-07-18,33.47
2016-07-19,35.438
2016-07-20,61.151
2016-07-21,9.097999999999999
2016-07-22,41.738
2016-07-23,20.991
2016-07-24,10.300999999999998
2016-07-25,10.888
2016-07-26,20.526
2016-07-27,11.025
2016-07-28,37.59
2016-07-29,4.587
2016-07-30,53.13399999999999
2016-07-31,43.303000000000004
2016-08-01,3.58
2016-08-02,4.9
2016-08-03,2.33
2016-08-04,10.644
2016-08-05,7.572
2016-08-06,3.54
2016-08-07,7.356
2016-08-08,14.761
2016-08-09,9.605
2016-08-10,7.755
2016-08-11,31.353
2016-08-12,11.515
2016-08-13,35.615
2016-08-14,1.98
2016-08-15,6.957000000000001
2016-08-16,2.9730000000000003
2016-08-17,3.8930000000000002
2016-08-18,5.229
2016-08-19,5.15
2016-08-21,12.824000000000002
2016-08-22,8.625
2016-08-23,34.086
2016-08-24,33.149
2016-08-25,0.505
2016-08-26,21.939
2016-08-27,11.755999999999998
2016-08-28,21.49
2016-08-29,12.343
2016-08-30,21.25
2016-08-31,4.208
2016-09-01,3.833
2016-09-02,5.938
2016-09-03,42.006
2016-09-04,11.628
2016-09-05,8.35
2016-09-06,5.696000000000001
2016-09-07,3.491
2016-09-08,17.174
2016-09-09,32.836
2016-09-10,51.75
2016-09-11,13.2
2016-09-12,7.154
2016-09-13,3.8989999999999996
2016-09-14,21.639
2016-09-15,15.797
2016-09-16,46.023999999999994
2016-09-17,12.960999999999999
2016-09-18,5.766
2016-09-19,20.91
2016-09-20,5.6
2016-09-21,32.742
2016-09-22,15.812000000000001
2016-09-23,8.597000000000001
2016-09-24,11.095
2016-09-25,3.397
2016-09-26,21.034000000000002
2016-09-27,12.005999999999998
2016-09-28,17.159000000000002
2016-09-29,71.535
2016-09-30,22.835
2016-10-01,12.898
2016-10-02,36.42
2016-10-03,7.244
2016-10-04,3.168
2016-10-05,2.465
2016-10-06,17.615
2016-10-07,6.553
2016-10-08,10.985999999999999
2016-10-09,17.622
2016-10-10,24.092
2016-10-11,26.057
2016-10-12,13.012
2016-10-13,66.12100000000001
2016-10-14,17.449
2016-10-15,27.213
2016-10-16,7.334
2016-10-17,28.092
2016-10-18,54.16
2016-10-19,40.085
2016-10-20,82.28399999999999
2016-10-21,46.361999999999995
2016-10-22,19.448
2016-10-23,11.638
2016-10-24,26.964000000000002
2016-10-25,4.016
2016-10-26,5.787000000000001
2016-10-27,8.763
2016-10-28,11.942
2016-10-29,40.035
2016-10-30,3.4739999999999998
2016-10-31,6.691
2016-11-01,6.849
2016-11-02,7.877000000000001
2016-11-03,18.014
2016-11-04,33.751999999999995
2016-11-05,25.058000000000003
2016-11-06,18.13
2016-11-07,10.632
2016-11-08,15.524000000000001
2016-11-09,20.018
2016-11-10,27.003
2016-11-11,18.516
2016-11-12,22.316999999999997
2016-11-13,6.598
2016-11-14,8.504
2016-11-15,6.87
2016-11-16,11.399000000000001
2016-11-17,1.6130000000000002
2016-11-18,21.333000000000002
2016-11-19,14.31
2016-11-20,24.517
2016-11-21,21.045
2016-11-22,9.91
2016-11-23,22.289
2016-11-24,10.913
2016-11-25,19.634
2016-11-26,7.2989999999999995
2016-11-27,6.664
2016-11-28,65.986
2016-11-29,24.279
2016-11-30,3.1069999999999998
2016-12-01,27.264
2016-12-02,13.23
2016-12-03,16.761
2016-12-04,6.931
2016-12-05,4.918
2016-12-06,8.407
2016-12-07,1.2990000000000002
2016-12-08,37.166
2016-12-09,19.165
2016-12-10,31.374000000000002
2016-12-11,23.811999999999998
2016-12-12,20.139
2016-12-13,17.855
2016-12-14,7.994
2016-12-15,4.3389999999999995
2016-12-16,14.603
2016-12-17,7.1739999999999995
2016-12-18,18.139
2016-12-19,7.707000000000001
2016-12-20,2.026
2016-12-21,10.038
2016-12-22,10.622
2016-12-23,29.237
2016-12-24,19.882
2016-12-25,10.845
2016-12-26,56.318999999999996
2016-12-27,20.427
2016-12-28,50.273999999999994
2016-12-29,9.026
2016-12-30,15.448
2016-12-31,38.839
2017-01-01,21.105
2017-01-02,25.666
2017-01-03,12.809000000000001
2017-01-04,30.237
2017-01-05,48.372
2017-01-06,58.968999999999994
2017-01-07,18.348
2017-01-08,12.597999999999999
2017-01-09,16.795
2017-01-10,50.286
2017-01-11,25.413
2017-01-12,101.507
2017-01-13,10.389000000000001
2017-01-14,27.31
2017-01-15,40.721
2017-01-16,11.958
2017-01-17,32.431
2017-01-18,51.606
2017-01-19,26.671
2017-01-20,15.087
2017-01-21,17.498
2017-01-22,56.816
2017-01-23,11.276
2017-01-24,5.845
2017-01-25,61.818999999999996
2017-01-26,58.233000000000004
2017-01-27,31.564
2017-01-28,5.266
2017-01-29,11.181
2017-01-30,35.441
2017-01-31,16.179000000000002
2017-02-01,23.956
2017-02-02,31.554000000000002
2017-02-03,53.108999999999995
2017-02-04,14.649000000000001
2017-02-05,30.436999999999998
2017-02-06,0.159
2017-02-07,13.856
2017-02-08,2.639
2017-02-09,32.614000000000004
2017-02-10,0.31
2017-02-11,8.698
2017-02-12,21.732
2017-02-13,24.148000000000003
2017-02-14,2.91
2017-02-15,34.388000000000005
2017-02-16,11.78
2017-02-17,13.758
2017-02-18,26.373
2017-02-19,12.828
2017-02-20,30.36
2017-02-21,2.6310000000000002
2017-02-22,53.63
2017-02-23,12.113
2017-02-24,21.771
2017-02-25,25.38
2017-02-26,16.782
2017-02-27,7.324
2017-02-28,18.845
2017-03-01,17.778
2017-03-02,4.625
2017-03-03,11.152000000000001
2017-03-04,8.154
2017-03-05,2.521
2017-03-06,23.377
2017-03-07,6.46
2017-03-08,11.675
2017-03-09,3.67
2017-03-10,39.399
2017-03-11,1.06
2017-03-12,46.931000000000004
2017-03-13,6.58
2017-03-14,11.687999999999999
2017-03-15,71.648
2017-03-16,40.881
2017-03-17,2.641
2017-03-18,19.995
2017-03-19,20.287
2017-03-20,0.449
2017-03-21,1.3359999999999999
2017-03-22,92.976
2017-03-23,39.584
2017-03-24,30.651999999999997
2017-03-25,26.01
2017-03-26,5.8389999999999995
2017-03-27,102.18799999999999
2017-03-28,17.686
2017-03-29,41.278
2017-03-30,19.289
2017-03-31,7.153
2017-04-01,51.849
2017-04-02,23.47
2017-04-03,11.095999999999998
2017-04-04,0.731
2017-04-05,28.209
2017-04-06,128.941
2017-04-07,13.578
2017-04-08,16.712
2017-04-09,1.6380000000000001
2017-04-10,83.431
2017-04-11,5.803
2017-04-12,9.134
2017-04-13,30.483
2017-04-14,17.003
2017-04-15,19.745
2017-04-16,15.431
2017-04-17,8.125
2017-04-18,13.338
2017-04-19,1.4969999999999999
2017-04-20,21.145
2017-04-21,27.41
2017-04-22,12.243
2017-04-23,15.442
2017-04-24,24.233
2017-04-25,26.772
2017-04-26,9.721
2017-04-27,14.702
2017-04-28,18.755
2017-04-29,26.299
2017-04-30,21.165
2017-05-01,10.544
2017-05-02,28.721
2017-05-03,31.482
2017-05-04,4.827
2017-05-05,46.258
2017-05-06,21.517
2017-05-07,7.821000000000001
2017-05-08,5.0569999999999995
2017-05-09,15.706
2017-05-10,6.747999999999999
2017-05-11,13.690999999999999
2017-05-12,51.885
2017-05-13,8.187000000000001
2017-05-14,78.054
2017-05-15,22.816999999999997
2017-05-16,6.691
2017-05-17,59.312
2017-05-18,7.772
2017-05-19,4.953
2017-05-20,19.427
2017-05-21,27.949
2017-05-22,11.809000000000001
2017-05-24,0.27899999999999997
2017-05-25,33.586
2017-05-26,1.7109999999999999
2017-05-27,49.623999999999995
2017-05-28,7.428999999999999
2017-05-29,36.315
2017-05-30,26.203000000000003
2017-05-31,6.042000000000001
2017-06-01,28.416
2017-06-02,6.61
2017-06-03,8.096
2017-06-04,25.983
2017-06-05,17.048
2017-06-07,0.611
2017-06-08,45.678999999999995
2017-06-09,33.141
2017-06-10,15.7
2017-06-11,33.699
2017-06-12,18.33
2017-06-13,4.064
2017-06-14,2.279
2017-06-15,2.9419999999999997
2017-06-16,18.523
2017-06-17,40.001
2017-06-19,555.339
2017-06-20,16.045
2017-06-21,3.997
2017-06-22,5.026
2017-06-23,40.846
2017-06-24,16.097
2017-06-25,1.492
2017-06-26,2.2030000000000003
2017-06-27,40.721
2017-06-28,20.744
2017-06-29,10.413
2017-06-30,22.396
2017-07-01,12.321
2017-07-02,15.982000000000001
2017-07-03,18.975
2017-07-04,16.195
2017-07-05,4.163
2017-07-06,31.712
2017-07-07,15.085999999999999
2017-07-08,29.125
2017-07-09,5.121
2017-07-10,8.799
2017-07-11,52.663999999999994
2017-07-12,1.475
2017-07-13,71.798
2017-07-14,6.066
2017-07-15,12.501
2017-07-16,5.7410000000000005
2017-07-17,18.433
2017-07-18,11.897
2017-07-19,1.073
2017-07-20,7.665
2017-07-21,143.217
2017-07-22,18.756
2017-07-23,3.502
2017-07-24,17.278
2017-07-25,34.571
2017-07-26,20.51
2017-07-27,75.507
2017-07-28,9.863
2017-07-29,21.816999999999997
2017-07-30,28.073
2017-07-31,5.66
2017-08-01,17.776
2017-08-02,28.701
2017-08-03,11.874
2017-08-04,21.430999999999997
2017-08-05,26.215
2017-08-06,50.659
2017-08-07,34.384
2017-08-08,17.524
2017-08-09,0.677
2017-08-10,24.25
2017-08-11,20.035999999999998
2017-08-12,9.85
2017-08-13,12.953
2017-08-14,14.523
2017-08-15,10.828
2017-08-16,6.899
2017-08-17,3.4960000000000004
2017-08-18,16.135
2017-08-19,5.216
2017-08-20,6.757000000000001
2017-08-21,11.612
2017-08-22,1.6780000000000002
2017-08-23,20.713
2017-08-24,10.024
2017-08-25,3.6889999999999996
2017-08-26,24.759
2017-08-27,17.727
2017-08-28,18.49
2017-08-29,23.715
2017-08-30,10.956
2017-08-31,1.411
2017-09-01,19.011
2017-09-02,13.215
2017-09-03,19.382
2017-09-04,255.30200000000002
2017-09-05,2.613
2017-09-06,9.005
2017-09-07,29.991999999999997
2017-09-08,13.24
2017-09-09,10.016
2017-09-10,19.266
2017-09-11,15.114
2017-09-12,17.28
2017-09-13,10.357999999999999
2017-09-14,8.63
2017-09-15,16.363
2017-09-16,18.198
2017-09-17,22.815
2017-09-18,38.818000000000005
2017-09-19,9.837
2017-09-20,29.178
2017-09-21,9.672
2017-09-22,16.09
2017-09-23,19.215999999999998
2017-09-24,52.005
2017-09-25,33.214
2017-09-26,22.049
2017-09-27,17.428
2017-09-28,8.777000000000001
2017-09-29,32.47
2017-09-30,25.451
2017-10-01,10.418
2017-10-02,20.974
2017-10-03,10.722000000000001
2017-10-04,22.474
2017-10-05,13.274000000000001
2017-10-06,16.31
2017-10-07,23.701999999999998
2017-10-08,23.544
2017-10-09,12.15
2017-10-10,32.606
2017-10-11,39.678000000000004
2017-10-12,14.194
2017-10-13,28.002
2017-10-14,5.642
2017-10-15,18.623
2017-10-16,39.483000000000004
2017-10-17,11.639000000000001
2017-10-18,12.587
2017-10-19,62.911
2017-10-20,15.991
2017-10-21,9.31
2017-10-22,5.507999999999999
2017-10-23,0.19699999999999998
2017-10-24,19.914
2017-10-25,0.777
2017-10-26,31.635
2017-10-27,10.94
2017-10-28,11.737
2017-10-29,14.022
2017-10-30,18.541
2017-10-31,19.195999999999998
2017-11-01,2.246
2017-11-02,17.288
2017-11-03,3.509
2017-11-04,35.415
2017-11-05,13.083
2017-11-06,22.1
2017-11-07,26.252
2017-11-08,20.541
2017-11-09,17.415
2017-11-10,23.983
2017-11-11,29.115
2017-11-12,11.619000000000002
2017-11-13,28.23
2017-11-14,31.703000000000003
2017-11-15,12.357999999999999
2017-11-16,36.143
2017-11-17,38.405
2017-11-18,25.871
2017-11-19,9.596
2017-11-20,17.073
2017-11-21,27.963
2017-11-22,59.626000000000005
2017-11-23,4.001
2017-11-24,29.168000000000003
2017-11-25,36.314
2017-11-26,91.76700000000001
2017-11-27,29.971
2017-11-28,5.3870000000000005
2017-11-29,1.386
2017-11-30,10.255
2017-12-01,4.015
2017-12-02,65.387
2017-12-03,10.067
2017-12-04,16.855
2017-12-05,8.93
2017-12-06,3.3160000000000003
2017-12-07,18.405
2017-12-08,20.307000000000002
2017-12-09,13.732999999999999
2017-12-10,55.522
2017-12-11,12.564
2017-12-12,35.078
2017-12-13,6.05
2017-12-14,9.719
2017-12-15,61.913000000000004
2017-12-16,21.293000000000003
2017-12-17,13.107000000000001
2017-12-18,13.989
2017-12-19,74.687
2017-12-20,36.172
2017-12-21,22.205
2017-12-22,41.658
2017-12-23,20.691
2017-12-24,73.88
2017-12-25,33.35
2017-12-26,20.382
2017-12-27,20.579
2017-12-28,19.749000000000002
2017-12-29,35.918
2017-12-30,20.881999999999998
2017-12-31,67.07600000000001
2018-01-01,17.683
2018-01-02,22.21
2018-01-03,26.928
2018-01-04,35.461999999999996
2018-01-05,27.961
2018-01-06,16.57
2018-01-07,14.552999999999999
2018-01-08,11.915
2018-01-09,30.943
2018-01-10,34.214
2018-01-11,23.635
2018-01-12,11.589
2018-01-13,26.898000000000003
2018-01-14,24.1
2018-01-15,44.736999999999995
2018-01-16,28.921
2018-01-17,7.352
2018-01-18,22.614
2018-01-19,34.62
2018-01-20,22.281999999999996
2018-01-21,22.013
2018-01-22,15.857000000000001
2018-01-23,23.787
2018-01-24,22.444000000000003
2018-01-25,55.431000000000004
2018-01-26,52.99100000000001
2018-01-27,19.905
2018-01-28,14.974
2018-01-29,25.043000000000003
2018-01-30,17.613
2018-01-31,31.83
2018-02-01,54.972
2018-02-02,17.42
2018-02-03,27.854
2018-02-04,17.107
2018-02-05,27.976
2018-02-06,28.891
2018-02-07,19.41
2018-02-08,16.721
2018-02-09,18.311
2018-02-10,27.22
2018-02-11,27.318
2018-02-12,44.452
2018-02-13,27.38
2018-02-14,40.141999999999996
2018-02-15,11.940999999999999
2018-02-16,75.206
2018-02-17,40.586999999999996
2018-02-18,45.383
2018-02-19,5.012
2018-02-20,30.209
2018-02-21,52.519
2018-02-22,45.849
2018-02-23,29.099
2018-02-24,51.055
2018-02-25,21.601
2018-02-26,33.295
2018-02-27,78.184
2018-03-02,48.485
2018-03-03,62.278999999999996
2018-03-04,50.675
2018-03-05,21.000999999999998
2018-03-06,28.009
2018-03-07,21.037
2018-03-08,8.532
2018-03-09,24.846999999999998
2018-03-10,16.875
2018-03-11,25.176
2018-03-12,18.052
2018-03-13,32.275
2018-03-14,18.36
2018-03-15,28.318
2018-03-16,24.693
2018-03-17,29.964000000000002
2018-03-18,24.456999999999997
2018-03-19,31.134
2018-03-20,21.175
2018-03-21,14.110999999999999
2018-03-22,24.1
2018-03-23,25.794
2018-03-24,27.195999999999998
2018-03-25,20.688000000000002
2018-03-26,24.248
2018-03-27,26.947
2018-03-28,4.24
2018-03-29,14.958
2018-03-30,24.705
2018-03-31,28.065
2018-04-01,21.999000000000002
2018-04-02,22.857
2018-04-03,18.039
2018-04-04,7.888999999999999
2018-04-05,18.312
2018-04-06,17.601
2018-04-07,24.947
2018-04-08,26.195
2018-04-09,39.330999999999996
2018-04-10,23.219
2018-04-11,21.660999999999998
2018-04-12,12.217
2018-04-13,27.912
2018-04-14,25.225
2018-04-15,24.075
2018-04-16,32.99
2018-04-17,33.22
2018-04-18,30.361
2018-04-19,22.426
2018-04-20,33.982
2018-04-21,21.991
2018-04-22,12.648
2018-04-23,45.56100000000001
2018-04-24,16.395
2018-04-25,91.874
